"","tahun","gaji"
"1",2015,115099.126805067
"2",2016,123739.900356952
