"","Year","TotalPayBenefits"
"1",2011,71744.1038712354
"2",2012,100553.229232443
"3",2013,101440.519714141
"4",2014,100250.918883614
"5",2015,115099.126805065
"6",2016,123739.900356948
